ORIG_SYSTEM_REFERENCE,ACCOUNT_NUMBER,PARTY_NAME,JGZZ_FISCAL_CODE,ADDRESS1,CITY,STATE,POSTAL_CODE,COUNTRY_CODE,ACCOUNT_STATUS,INSERT_UPDATE_FLAG
FBDI-EXT-97029,ACC-262325,Beacon Pharmaceuticals Group,51-9349050,6475 Broadway Rd,Seattle,WA,98101,US,A,I
FBDI-EXT-90286,ACC-159591,Prime Aerospace Partners,68-2524530,2830 Broadway Ave,Dallas,TX,75201,US,A,I
FBDI-EXT-91323,ACC-758934,Echo Industries International,TX-26954109,3283 Enterprise Blvd,Sydney,NSW,2000,AU,A,I
FBDI-EXT-98203,ACC-540875,Cortex Solutions Ltd,43-7918874,1295 Commerce Pkwy,New York,NY,10005,US,A,I
FBDI-EXT-92323,ACC-970509,Stellar Manufacturing Ltd,21-7320338,6717 Highland St,Boston,MA,02115,US,A,I
FBDI-EXT-95491,ACC-644237,Delta Energy Partners,44-8094315,6401 Lincoln Blvd,Boston,MA,02115,US,A,I
FBDI-EXT-93754,ACC-484811,Terra Energy Corp,47-7247013,3216 Industrial Ave,Seattle,WA,98101,US,A,I
FBDI-EXT-94856,ACC-181245,Vertex Pharmaceuticals LLC,75-6812102,9612 Enterprise Way,Austin,TX,78701,US,A,I
FBDI-EXT-99919,ACC-200802,Endeavor Industries Corp,48-6463290,878 Washington Rd,San Francisco,CA,94102,US,A,I
FBDI-EXT-95100,ACC-282292,Prime Industries Ltd,20-9663905,5227 Pine Rd,Dallas,TX,75201,US,A,I
FBDI-EXT-93295,ACC-733321,Atlantic Healthcare Ltd,TX-13494433,6734 Corporate Way,Berlin,BE,10115,DE,A,I
FBDI-EXT-91741,ACC-399160,Cortex Solutions International,64-9121413,262 Commerce Blvd,New York,NY,10005,US,A,I
FBDI-EXT-94476,ACC-920835,Pinnacle Semiconductor Corp,TX-33632427,5289 Market Ave,Sydney,NSW,2000,AU,A,I
FBDI-EXT-93368,ACC-149828,Atlantic Industries Group,TX-51346017,2656 Mission Rd,Toronto,ON,M5H 2N2,CA,A,I
FBDI-EXT-90408,ACC-125095,Pacific Networks Ltd,TX-64649622,273 Cedar Lane,Berlin,BE,10115,DE,A,I
FBDI-EXT-93650,ACC-180988,Kinetics Retail Corp,TX-99704097,8510 Industrial Lane,Singapore,SG,018989,SG,A,I
FBDI-EXT-98717,ACC-983952,Global Technologies Partners,77-9724788,2315 Washington St,Atlanta,GA,30301,US,A,I
FBDI-EXT-96492,ACC-706574,Summit Energy Partners,94-2872885,6655 Technology Blvd,Boston,MA,02115,US,A,I
FBDI-EXT-98653,ACC-127838,Solar Biotech Inc,72-7081538,4060 Maple Rd,Austin,TX,78701,US,A,I
FBDI-EXT-90066,ACC-579169,Pinnacle Pharmaceuticals International,79-5131507,7191 Cedar Blvd,Dallas,TX,75201,US,A,I
FBDI-EXT-98371,ACC-813202,Nexus Semiconductor LLC,48-6339150,1367 Commerce Way,Austin,TX,78701,US,A,I
FBDI-EXT-96696,ACC-970890,Atlantic Energy Partners,18-6891421,4829 Corporate Ave,Chicago,IL,60601,US,A,I
FBDI-EXT-93858,ACC-846205,Atlantic Systems Partners,39-8396326,1216 Corporate Dr,Chicago,IL,60601,US,A,I
FBDI-EXT-94859,ACC-942317,Terra Financial Partners,79-4812765,4253 Grand St,Miami,FL,33101,US,A,I
FBDI-EXT-91922,ACC-780420,Vanguard Pharmaceuticals Holdings,45-9736012,3318 Grand Way,Austin,TX,78701,US,A,I
FBDI-EXT-97453,ACC-627874,Delta Semiconductor Corp,GB301648809,4531 Enterprise Lane,London,ENG,EC1A 1BB,GB,A,I
FBDI-EXT-92666,ACC-431253,Terra Consulting Group,GB626976063,5571 Mission Dr,London,ENG,EC1A 1BB,GB,A,I
FBDI-EXT-96061,ACC-836883,Apex Systems LLC,57-8980958,3780 Gateway Blvd,Miami,FL,33101,US,A,I
FBDI-EXT-99470,ACC-463892,Frontier Robotics Corp,TX-67908307,712 Gateway Dr,Berlin,BE,10115,DE,A,I
FBDI-EXT-94235,ACC-181096,Horizon Systems Ltd,19-8947632,565 Innovation Ave,Dallas,TX,75201,US,A,I
FBDI-EXT-93498,ACC-758358,Sterling Energy Group,TX-93256270,8134 Pine Blvd,Toronto,ON,M5H 2N2,CA,A,I
FBDI-EXT-91367,ACC-470394,Aero Consulting LLC,TX-82462993,7358 Industrial Way,Sydney,NSW,2000,AU,A,I
FBDI-EXT-93328,ACC-444885,Pacific Industries Partners,44-7625931,1907 Highland Way,Austin,TX,78701,US,A,I
FBDI-EXT-91410,ACC-372438,Pinnacle Financial Partners,33-6228914,975 Gateway Dr,Atlanta,GA,30301,US,A,I
FBDI-EXT-94196,ACC-925169,Omni Industries Partners,60-1387421,4686 Market St,Seattle,WA,98101,US,A,I
FBDI-EXT-98947,ACC-444779,Beacon Retail Group,83-4888334,3146 Mission Way,New York,NY,10005,US,A,I
FBDI-EXT-96817,ACC-830549,Summit Healthcare Ltd,86-7049302,9129 Oak Pkwy,Boston,MA,02115,US,A,I
FBDI-EXT-91530,ACC-280881,Vanguard Robotics Partners,82-7554724,2741 Highland Lane,Dallas,TX,75201,US,A,I
FBDI-EXT-94446,ACC-807365,Delta Dynamics Partners,27-2454601,1893 Oak Blvd,Boston,MA,02115,US,A,I
FBDI-EXT-98132,ACC-165077,Terra Energy International,TX-18365592,530 Broadway Rd,Toronto,ON,M5H 2N2,CA,A,I
FBDI-EXT-95571,ACC-522952,Sterling Enterprises Group,TX-33754208,7197 Enterprise Rd,Berlin,BE,10115,DE,A,I
FBDI-EXT-99202,ACC-985880,Nexus Aerospace Group,20-7511472,9497 Highland Pkwy,Miami,FL,33101,US,A,I
FBDI-EXT-94782,ACC-979927,Nova Industries Holdings,38-4352526,2480 Mission Rd,Atlanta,GA,30301,US,A,I
FBDI-EXT-92556,ACC-966016,Echo Aerospace Partners,39-1458863,426 Grand Way,Boston,MA,02115,US,A,I
FBDI-EXT-99967,ACC-204670,Meridian Financial Inc,70-6318367,6007 Technology Way,Seattle,WA,98101,US,A,I
FBDI-EXT-93898,ACC-740786,Silverline Innovations Corp,33-8297088,5201 Maple Lane,San Francisco,CA,94102,US,A,I
FBDI-EXT-96858,ACC-884827,Echo Technologies LLC,GB380432173,4888 Washington Dr,London,ENG,EC1A 1BB,GB,A,I
FBDI-EXT-91707,ACC-429418,Zenith Logistics International,84-4891983,3576 Commerce Lane,Boston,MA,02115,US,A,I
FBDI-EXT-97277,ACC-559579,Zenith Dynamics Partners,TX-22791280,8593 Lincoln St,Berlin,BE,10115,DE,A,I
FBDI-EXT-98710,ACC-283905,Global Semiconductor Partners,16-4309883,6311 Grand St,Chicago,IL,60601,US,A,I
FBDI-EXT-90892,ACC-538555,Quantum Innovations International,12-4356225,3866 Cedar St,Atlanta,GA,30301,US,A,I
FBDI-EXT-91672,ACC-277360,Frontier Enterprises LLC,81-7939452,8703 Industrial Pkwy,San Francisco,CA,94102,US,A,I
FBDI-EXT-94043,ACC-752117,Apex Technologies Corp,16-3701319,4070 Broadway Pkwy,San Francisco,CA,94102,US,A,I
FBDI-EXT-95076,ACC-334478,Endeavor Industries International,GB683177076,5711 Maple Blvd,London,ENG,EC1A 1BB,GB,A,I
FBDI-EXT-93336,ACC-899214,Cortex Pharmaceuticals Partners,65-8817325,2907 Pine Way,Seattle,WA,98101,US,A,I
FBDI-EXT-99136,ACC-680141,Catalyst Consulting Ltd,GB407397911,939 Grand St,London,ENG,EC1A 1BB,GB,A,I
FBDI-EXT-97323,ACC-430622,Vertex Technologies Ltd,TX-34368072,2246 Grand Blvd,Sydney,NSW,2000,AU,A,I
FBDI-EXT-91526,ACC-389653,Nexus Innovations Holdings,24-2714370,3213 Cedar Pkwy,Austin,TX,78701,US,A,I
FBDI-EXT-92507,ACC-393958,Precision Dynamics Partners,29-5368747,9896 Market Ave,Seattle,WA,98101,US,A,I
FBDI-EXT-97149,ACC-175347,Horizon Semiconductor Ltd,61-4583745,4304 Broadway Lane,Seattle,WA,98101,US,A,I
FBDI-EXT-94230,ACC-694135,Atlas Retail International,20-2604689,1693 Maple Blvd,New York,NY,10005,US,A,I
FBDI-EXT-96456,ACC-818036,Crest Systems Corp,12-5243512,3978 Cedar Rd,Miami,FL,33101,US,A,I
FBDI-EXT-97601,ACC-957661,Cortex Solutions Inc,TX-37818892,8959 Washington Dr,Toronto,ON,M5H 2N2,CA,A,I
FBDI-EXT-97261,ACC-150801,Frontier Systems Partners,GB767964396,7151 Highland St,London,ENG,EC1A 1BB,GB,A,I
FBDI-EXT-99450,ACC-127543,Endeavor Pharmaceuticals Inc,TX-90566737,6025 Highland Lane,Toronto,ON,M5H 2N2,CA,A,I
FBDI-EXT-90663,ACC-408438,Vanguard Technologies Partners,41-6338973,6577 Technology St,Atlanta,GA,30301,US,A,I
FBDI-EXT-93288,ACC-906415,Prime Biotech Inc,GB154761179,6406 Maple Lane,London,ENG,EC1A 1BB,GB,A,I
FBDI-EXT-94259,ACC-827271,Nova Robotics Partners,87-3824884,9048 Lincoln Dr,Austin,TX,78701,US,A,I
FBDI-EXT-98052,ACC-950954,Global Energy Group,11-6095914,2033 Maple Ave,Seattle,WA,98101,US,A,I
FBDI-EXT-99270,ACC-162278,Pinnacle Manufacturing Ltd,82-9854930,3096 Oak Rd,Chicago,IL,60601,US,A,I
FBDI-EXT-98984,ACC-911707,Crest Enterprises LLC,35-4672425,1029 Oak Rd,Denver,CO,80202,US,A,I
FBDI-EXT-95394,ACC-660773,Pinnacle Aerospace Inc,TX-86718658,6618 Commerce Ave,Berlin,BE,10115,DE,A,I
FBDI-EXT-94178,ACC-941241,Summit Innovations Holdings,12-4489819,1856 Grand Lane,San Francisco,CA,94102,US,A,I
FBDI-EXT-98815,ACC-860073,Crest Industries Holdings,54-2483045,3506 Broadway Ave,New York,NY,10005,US,A,I
FBDI-EXT-96593,ACC-889566,Echo Pharmaceuticals Inc,TX-45766076,6355 Maple Ave,Berlin,BE,10115,DE,A,I
